text,top_terms
texts\Финляндия.txt,"{'финляндия': 0.05263157894736842, 'недвижимость': 0.05263157894736842, 'законопроект': 0.05263157894736842, 'покупка': 0.03508771929824561, 'профиль': 0.03508771929824561, 'россиянин': 0.03508771929824561, 'мвд': 0.03508771929824561, 'представлять': 0.03508771929824561, 'фиктивный': 0.017543859649122806, 'новый': 0.017543859649122806}"
texts\cars\32CARS названы особенности переключения передач в авто с МКПП.txt,"{'передача': 0.10606060606060606, 'переключение': 0.045454545454545456, 'МКПП': 0.045454545454545456, 'SpeedMe': 0.045454545454545456, 'особенность': 0.030303030303030304, 'авто': 0.030303030303030304, 'автомобиль': 0.030303030303030304, 'двигатель': 0.030303030303030304, 'коробка': 0.030303030303030304, 'называть': 0.030303030303030304}"
"texts\cars\Volkswagen грозят не поставить на учет, так как нет номера двигателя.txt","{'ru': 0.07246376811594203, 'номер': 0.057971014492753624, 'Volkswagen': 0.043478260869565216, 'цилиндр': 0.028985507246376812, 'поставлять': 0.028985507246376812, 'устанавливать': 0.028985507246376812, 'учет': 0.028985507246376812, 'смочь': 0.028985507246376812, 'двигатель': 0.028985507246376812, 'блок': 0.028985507246376812}"
texts\cars\«За рулем» разобрал совет по удалению обратного клапана стеклоомывающей системы.txt,"{'руль': 0.08620689655172414, 'система': 0.05172413793103448, 'бачок': 0.034482758620689655, 'стеклоомыватель': 0.034482758620689655, 'охлаждение': 0.017241379310344827, 'ездить': 0.017241379310344827, 'стеклоомывать': 0.017241379310344827, 'нагреваться': 0.017241379310344827, 'дорога': 0.017241379310344827, 'совет': 0.017241379310344827}"
"texts\cars\Автокриминалист раскрыл новый вид мошенничества, который грозит потерей ПТС.txt","{'средство': 0.03125, 'транспортный': 0.03125, 'руль': 0.03125, 'автокриминалист': 0.015625, 'граница': 0.015625, 'СБКТС': 0.015625, 'новый': 0.015625, 'ПТС': 0.015625, 'продавец': 0.015625, 'CarsWeek': 0.015625}"
texts\cars\В России растут продажи люксовых автомобилей с пробегом.txt,"{'шт': 0.08571428571428572, 'пробег': 0.04285714285714286, 'автомобиль': 0.04285714285714286, 'люксовый': 0.04285714285714286, 'Bentley': 0.02857142857142857, 'купить': 0.02857142857142857, 'автостат': 0.02857142857142857, 'люкс': 0.02857142857142857, 'россия': 0.02857142857142857, 'Urus': 0.014285714285714285}"
texts\cars\В Тольятти наладили выпуск Lada Granta для автошкол.txt,"{'волга': 0.0547945205479452, 'ньюс': 0.0547945205479452, 'автомобиль': 0.0410958904109589, 'атс': 0.0273972602739726, 'инжиниринговый': 0.0273972602739726, 'выпуск': 0.0273972602739726, 'оборудование': 0.0273972602739726, 'литр': 0.0136986301369863, 'отделение': 0.0136986301369863, 'Lada': 0.0136986301369863}"
texts\cars\Внедорожник УАЗ «Патриот» получит новый дизайн и двигатель.txt,"{'новый': 0.057971014492753624, 'уаз': 0.057971014492753624, 'патриот': 0.057971014492753624, 'получать': 0.057971014492753624, 'интерьер': 0.043478260869565216, 'внедорожник': 0.043478260869565216, 'агрегат': 0.028985507246376812, 'дизайн': 0.028985507246376812, 'двигатель': 0.028985507246376812, 'день': 0.028985507246376812}"
"texts\cars\Дилер рассказал, что будет с авторынком после повышения ключевой ставки ЦБ.txt","{'новый': 0.03571428571428571, 'ключевой': 0.023809523809523808, 'рассказывать': 0.023809523809523808, 'газета': 0.023809523809523808, 'авторынок': 0.023809523809523808, 'часть': 0.023809523809523808, 'кредит': 0.023809523809523808, 'ставка': 0.023809523809523808, 'продажа': 0.023809523809523808, 'автомобиль': 0.023809523809523808}"
"texts\cars\Дилеры «Москвича», Chery и Haval ввели новые скидки на машины.txt","{'AutoNews': 0.05357142857142857, 'скидка': 0.05357142857142857, 'новый': 0.03571428571428571, 'крупный': 0.03571428571428571, 'автомобиль': 0.03571428571428571, 'московский': 0.03571428571428571, 'москвич': 0.03571428571428571, 'октябрь': 0.03571428571428571, 'машина': 0.03571428571428571, 'конец': 0.03571428571428571}"
"texts\cars\Перекуп объяснил, как по объявлению понять, что вам пытаются продать автохлам.txt","{'ru': 0.04477611940298507, 'NaAvtotrasse': 0.04477611940298507, 'изучение': 0.04477611940298507, 'автохол': 0.029850746268656716, 'средство': 0.029850746268656716, 'транспортный': 0.029850746268656716, 'объявление': 0.029850746268656716, 'часто': 0.014925373134328358, 'рассказывать': 0.014925373134328358, 'износ': 0.014925373134328358}"
texts\cars\Состоялась презентация 7-местного Mitsubishi DST.txt,"{'состояться': 0.02702702702702703, 'DST': 0.02702702702702703, 'консоль': 0.02702702702702703, 'Motor': 0.02702702702702703, 'Mitsubishi': 0.02702702702702703, 'серийный': 0.02702702702702703, 'машина': 0.02702702702702703, 'презентация': 0.013513513513513514, 'салон': 0.013513513513513514, 'шестиугольный': 0.013513513513513514}"
"texts\cars\Топ-10 автомобилей, которым не грозит ржавчина. Среди них есть машины из КНР.txt","{'выделяться': 0.05714285714285714, 'автомобиль': 0.05714285714285714, 'ржавчина': 0.05714285714285714, 'руль': 0.05714285714285714, 'V': 0.02857142857142857, 'китайский': 0.02857142857142857, 'Geely': 0.02857142857142857, 'Jolion': 0.02857142857142857, 'оцинковка': 0.02857142857142857, 'CR': 0.02857142857142857}"
texts\cars\У Mercedes остался только один комплект новинок.txt,"{'чемпионат': 0.07017543859649122, 'мерседес': 0.03508771929824561, 'гран-при': 0.03508771929824561, 'команда': 0.03508771929824561, 'днище': 0.03508771929824561, 'расселл': 0.03508771929824561, 'сообщаться': 0.017543859649122806, 'новый': 0.017543859649122806, 'сейчас': 0.017543859649122806, 'состояться': 0.017543859649122806}"
texts\cars\УАЗ обновил штампы для выпуска «Буханки».txt,"{'деталь': 0.04938271604938271, 'ru': 0.037037037037037035, 'уаз': 0.037037037037037035, 'буханка': 0.024691358024691357, 'другой': 0.024691358024691357, 'Quto': 0.024691358024691357, 'качество': 0.024691358024691357, 'автомобиль': 0.024691358024691357, 'ряд': 0.024691358024691357, 'сопряжение': 0.024691358024691357}"
texts\cars\Эксперт призвал россиян отказаться от покупки китайских автомобилей.txt,"{'китайский': 0.05555555555555555, 'SpeedMe': 0.05555555555555555, 'тыс': 0.05555555555555555, 'автомобиль': 0.041666666666666664, 'покупка': 0.027777777777777776, 'призывать': 0.027777777777777776, 'марка': 0.027777777777777776, 'обновление': 0.027777777777777776, 'россиянин': 0.027777777777777776, 'эксперт': 0.027777777777777776}"
"texts\cars\Эксперт рассказал, как сэкономить на автощетках.txt","{'рубль': 0.09722222222222222, 'тыс': 0.05555555555555555, 'аргумент': 0.027777777777777776, 'резинка': 0.027777777777777776, 'стеклоочиститель': 0.027777777777777776, 'замена': 0.027777777777777776, 'сэкономить': 0.027777777777777776, 'факт': 0.027777777777777776, 'SM': 0.027777777777777776, 'ИА': 0.027777777777777776}"
texts\culture\GamesVoice опубликовала русскую версию еще одной песни из Alan Wake 2.txt,"{'ru': 0.05333333333333334, 'Alan': 0.04, 'GamesVoice': 0.04, 'Wake': 0.04, 'один': 0.04, 'песня': 0.02666666666666667, 'Metaratings': 0.02666666666666667, 'студия': 0.02666666666666667, 'Gamemag': 0.02666666666666667, 'Cybersport': 0.02666666666666667}"
texts\culture\SHAMAN назвал себя из будущего своим главным конкурентом.txt,"{'ru': 0.0847457627118644, 'Passion': 0.06779661016949153, 'себя': 0.05084745762711865, 'свой': 0.05084745762711865, 'конкурент': 0.05084745762711865, 'выступать': 0.03389830508474576, 'дронов': 0.03389830508474576, 'главный': 0.03389830508474576, 'певец': 0.03389830508474576, 'называть': 0.03389830508474576}"
texts\culture\Александр Ревва сыграет главную роль в продолжении сериала «Ждун».txt,"{'ждун': 0.06557377049180328, 'сериал': 0.04918032786885246, 'роль': 0.04918032786885246, 'александр': 0.04918032786885246, 'ru': 0.04918032786885246, 'ревва': 0.04918032786885246, 'главный': 0.04918032786885246, 'Passion': 0.04918032786885246, 'семейный': 0.03278688524590164, 'комедия': 0.03278688524590164}"
texts\culture\В Башкирии выполняют задачу Путина.txt,"{'газета': 0.041666666666666664, 'развитие': 0.041666666666666664, 'общественный': 0.041666666666666664, 'электронный': 0.041666666666666664, 'творческий': 0.027777777777777776, 'радий': 0.027777777777777776, 'хабир': 0.027777777777777776, 'встреча': 0.027777777777777776, 'ход': 0.013888888888888888, 'рассказывать': 0.013888888888888888}"
texts\culture\В Крыму сегодня стартует прокат нового российского фильма-сказки «Огниво».txt,"{'огниво': 0.047619047619047616, 'сказка': 0.047619047619047616, 'фильм': 0.047619047619047616, 'новый': 0.031746031746031744, 'гтрк': 0.031746031746031744, 'прокат': 0.031746031746031744, 'размах': 0.015873015873015872, 'самара': 0.015873015873015872, 'сцена': 0.015873015873015872, 'просить': 0.015873015873015872}"
texts\culture\Группировка «Ленинград» выпустила сингл «Ёлки. Тёлки. Озеро».txt,"{'сингл': 0.07142857142857142, 'группировка': 0.07142857142857142, 'ленинград': 0.047619047619047616, 'елка': 0.047619047619047616, 'газета': 0.047619047619047616, 'российский': 0.047619047619047616, 'выпускать': 0.047619047619047616, 'композиция': 0.023809523809523808, 'шнуров': 0.023809523809523808, 'новый': 0.023809523809523808}"
texts\culture\Девушки из школы №9 погрузились в атмосферу первого бала Наташи Ростовой.txt,"{'аткарский': 0.0641025641025641, 'газета': 0.05128205128205128, 'бал': 0.038461538461538464, 'не': 0.038461538461538464, 'произведение': 0.02564102564102564, 'классический': 0.02564102564102564, 'я': 0.02564102564102564, 'первый': 0.02564102564102564, 'в': 0.02564102564102564, 'погружаться': 0.02564102564102564}"
texts\culture\Звезда 90-х Профессор Лебединский опубликовал публичное завещание.txt,"{'лебединский': 0.09090909090909091, 'профессор': 0.045454545454545456, 'опубликовывать': 0.030303030303030304, 'газета': 0.030303030303030304, 'Ru': 0.030303030303030304, 'свой': 0.030303030303030304, 'завещание': 0.030303030303030304, 'год': 0.030303030303030304, 'хит': 0.015151515151515152, 'болезнь': 0.015151515151515152}"
"texts\culture\Комик Чебатков заявил, что ему сложнее выступать на английском, чем на русском.txt","{'региональный': 0.04918032786885246, 'на': 0.04918032786885246, 'главный': 0.04918032786885246, 'комик': 0.04918032786885246, 'русский': 0.04918032786885246, 'рассказывать': 0.03278688524590164, 'я': 0.03278688524590164, 'выступать': 0.03278688524590164, 'язык': 0.03278688524590164, 'английский': 0.03278688524590164}"
texts\culture\Лидер «Миража» Алексей Горбашов обвинил фильм о «Руки Вверх!» в клевете.txt,"{'ru': 0.04878048780487805, 'вверх': 0.036585365853658534, 'андрей': 0.036585365853658534, 'рука': 0.036585365853658534, 'группа': 0.036585365853658534, 'фильм': 0.036585365853658534, 'мираж': 0.036585365853658534, 'директор': 0.036585365853658534, 'Passion': 0.036585365853658534, 'горбашов': 0.036585365853658534}"
texts\culture\Мастер комедии и трюков 10 лучших фильмов с Джеки Чаном.txt,"{'джеки': 0.053763440860215055, 'чемпионат': 0.043010752688172046, 'чан': 0.043010752688172046, 'фильм': 0.03225806451612903, 'боевик': 0.021505376344086023, 'полицейский': 0.021505376344086023, 'который': 0.021505376344086023, 'главный': 0.021505376344086023, 'год': 0.021505376344086023, 'золото': 0.010752688172043012}"
texts\culture\На НТВ — финал седьмого сезона самого популярного сериала России.txt,"{'нтв': 0.05194805194805195, 'седьмой': 0.03896103896103896, 'сезон': 0.03896103896103896, 'сериал': 0.025974025974025976, 'невский': 0.025974025974025976, 'Mag': 0.025974025974025976, 'зритель': 0.025974025974025976, 'TV': 0.025974025974025976, 'панкратов': 0.012987012987012988, 'хит': 0.012987012987012988}"
texts\culture\Начались съемки комедии «Старый орел» с Деревянко и Михалковой.txt,"{'съемка': 0.04054054054054054, 'деревянко': 0.04054054054054054, 'новый': 0.02702702702702703, 'орел': 0.02702702702702703, 'село': 0.02702702702702703, 'батраз': 0.02702702702702703, 'ru': 0.02702702702702703, 'михалкова': 0.02702702702702703, 'Lenta': 0.02702702702702703, 'павел': 0.02702702702702703}"
texts\culture\Новосибирские разработчики «Смуты» планируют полностью переозвучить игру.txt,"{'новосибирск': 0.05454545454545454, 'смута': 0.05454545454545454, 'новый': 0.03636363636363636, 'полностью': 0.03636363636363636, 'переозвучивать': 0.03636363636363636, 'голос': 0.03636363636363636, 'кп': 0.03636363636363636, 'игра': 0.03636363636363636, 'герой': 0.03636363636363636, 'главный': 0.03636363636363636}"
texts\culture\Сказочный блокбастер «Огниво» вышел на экраны страны.txt,"{'огниво': 0.05, 'гтрк': 0.05, 'экран': 0.05, 'сказка': 0.05, 'блокбастер': 0.05, 'выходить': 0.05, 'ставрополье': 0.025, 'основа': 0.025, 'новый': 0.025, 'возможность': 0.025}"
texts\culture\Умер режиссер первых серий «Улиц разбитых фонарей» Игорь Москвитин.txt,"{'москвитин': 0.08888888888888889, 'год': 0.06666666666666667, 'режиссер': 0.06666666666666667, 'улица': 0.044444444444444446, 'игорь': 0.044444444444444446, 'фонарь': 0.044444444444444446, 'разбивать': 0.044444444444444446, 'умирать': 0.044444444444444446, 'коммерсант': 0.044444444444444446, 'оканчивать': 0.022222222222222223}"
texts\economics\«Туркменгаз» назвал причину прекращения поставок газа в РФ.txt,"{'газ': 0.0759493670886076, 'поставка': 0.05063291139240506, 'тасс': 0.0379746835443038, 'туркменгаз': 0.0379746835443038, 'год': 0.0379746835443038, 'контракт': 0.02531645569620253, 'куб': 0.02531645569620253, 'россия': 0.02531645569620253, 'млрд': 0.02531645569620253, 'м': 0.02531645569620253}"
texts\economics\Банк России поднял ключевую ставку до исторического максимума — 21% годовых.txt,"{'россия': 0.06896551724137931, 'банк': 0.06896551724137931, 'ключевой': 0.05172413793103448, 'ставка': 0.05172413793103448, 'исторический': 0.034482758620689655, 'прогноз': 0.034482758620689655, 'подымать': 0.034482758620689655, 'максимум': 0.034482758620689655, 'инфляция': 0.034482758620689655, 'инфляционный': 0.017241379310344827}"
"texts\economics\В производство строительной арматуры в Уфе инвестируют ₽2,7 млрд.txt","{'башинформ': 0.046511627906976744, 'производство': 0.046511627906976744, 'место': 0.046511627906976744, 'рабочий': 0.046511627906976744, 'млрд': 0.046511627906976744, 'арматура': 0.023255813953488372, 'новый': 0.023255813953488372, 'создавать': 0.023255813953488372, 'архангельский': 0.023255813953488372, 'статус': 0.023255813953488372}"
"texts\economics\Индия в августе нарастила закупки российских нефтепродуктов в 1,4 раза.txt","{'миллион': 0.0945945945945946, 'нефтепродукт': 0.05405405405405406, 'август': 0.04054054054054054, 'риа': 0.04054054054054054, 'доллар': 0.04054054054054054, 'индия': 0.04054054054054054, 'газета': 0.02702702702702703, 'первый': 0.02702702702702703, 'Ru': 0.02702702702702703, 'новость': 0.02702702702702703}"
"texts\economics\Набиуллина допустила, что Центробанк может повысить ставку выше 21% в декабре.txt","{'ставка': 0.04477611940298507, 'повышать': 0.04477611940298507, 'ключевой': 0.029850746268656716, 'регулятор': 0.029850746268656716, 'учет': 0.029850746268656716, 'мочь': 0.029850746268656716, 'годовой': 0.029850746268656716, 'процент': 0.029850746268656716, 'декабрь': 0.029850746268656716, 'заседание': 0.029850746268656716}"
texts\economics\Набиуллина объяснила рост цен в 2024 году перегревом спроса.txt,"{'рост': 0.05333333333333334, 'регулятор': 0.04, 'глава': 0.04, 'цена': 0.04, 'ключевой': 0.02666666666666667, 'перегрев': 0.02666666666666667, 'объяснять': 0.02666666666666667, 'ставка': 0.02666666666666667, 'спрос': 0.02666666666666667, 'слово': 0.02666666666666667}"
texts\economics\Пять компаний получили сертификаты «Сделано в России» по соглашению с РЭЦ.txt,"{'риа': 0.05063291139240506, 'сертификат': 0.05063291139240506, 'новость': 0.05063291139240506, 'россия': 0.05063291139240506, 'сделать': 0.0379746835443038, 'компания': 0.0379746835443038, 'получать': 0.0379746835443038, 'соглашение': 0.02531645569620253, 'продвижение': 0.02531645569620253, 'пять': 0.02531645569620253}"
texts\economics\токенизированные RWA-активы станут конкурентами USDT от Tether.txt,"{'РБК': 0.08771929824561403, 'RWA': 0.05263157894736842, 'токенизировать': 0.03508771929824561, 'токен': 0.03508771929824561, 'актив': 0.03508771929824561, 'новый': 0.017543859649122806, 'разрешать': 0.017543859649122806, 'сектор': 0.017543859649122806, 'тенденция': 0.017543859649122806, 'криптоэкономика': 0.017543859649122806}"
"texts\economics\Чистая прибыль Mercedes-Benz в III кв. упала в два раза, не оправдав прогнозов.txt","{'Mercedes': 0.05555555555555555, 'млрд': 0.05555555555555555, 'продавать': 0.037037037037037035, 'Benz': 0.037037037037037035, 'интерфакс': 0.037037037037037035, 'чистый': 0.037037037037037035, 'автомобиль': 0.037037037037037035, 'квартал': 0.037037037037037035, 'год': 0.037037037037037035, 'снижаться': 0.037037037037037035}"
texts\economics\Экономист Беляев назвал самым выгодным способом вложения денег вклады в банках.txt,"{'вклад': 0.038461538461538464, 'банк': 0.038461538461538464, 'беляев': 0.02564102564102564, 'экономист': 0.02564102564102564, 'способ': 0.02564102564102564, 'ru': 0.02564102564102564, 'вложение': 0.02564102564102564, 'Lenta': 0.02564102564102564, 'ридус': 0.02564102564102564, 'правило': 0.01282051282051282}"
texts\economics\Эксперты РБК дали прогноз по курсу рубля после решения ЦБ по ставке.txt,"{'РБК': 0.06578947368421052, 'ставка': 0.05263157894736842, 'год': 0.05263157894736842, 'цб': 0.039473684210526314, 'цель': 0.02631578947368421, 'кредит': 0.02631578947368421, 'эксперт': 0.02631578947368421, 'пересчет': 0.02631578947368421, 'октябрь': 0.02631578947368421, 'инфляция': 0.02631578947368421}"
texts\science\Clone создали искусственные мышцы для роботов.txt,"{'робот': 0.08, 'N': 0.06, 'тело': 0.04, 'создавать': 0.04, 'искусственный': 0.04, 'Clone': 0.04, 'мышца': 0.04, 'двигать': 0.02, 'анатомия': 0.02, 'гидравлический': 0.02}"
texts\science\JAMA Ophthalmology добавки с куркумином защищают от потери зрения.txt,"{'развитие': 0.05172413793103448, 'куркумин': 0.05172413793103448, 'Anonsens': 0.05172413793103448, 'риск': 0.05172413793103448, 'дегенерация': 0.034482758620689655, 'макулярный': 0.034482758620689655, 'возрастной': 0.034482758620689655, 'Ophthalmology': 0.034482758620689655, 'слепота': 0.034482758620689655, 'добавка': 0.034482758620689655}"
texts\science\LU химики приблизились к открытию самого тяжелого элемента таблицы Менделеева.txt,"{'элемент': 0.07246376811594203, 'экоправда': 0.043478260869565216, 'ученый': 0.028985507246376812, 'сверхтяжелый': 0.028985507246376812, 'таблица': 0.028985507246376812, 'исследование': 0.028985507246376812, 'год': 0.028985507246376812, 'тяжелый': 0.028985507246376812, 'эксперимент': 0.028985507246376812, 'ход': 0.014492753623188406}"
"texts\science\«Палеороботы» расскажут ученым, как рыбы вышли на сушу.txt","{'рыба': 0.058823529411764705, 'древний': 0.04411764705882353, 'ученый': 0.029411764705882353, 'ru': 0.029411764705882353, 'ишид': 0.029411764705882353, 'Lenta': 0.029411764705882353, 'выходить': 0.029411764705882353, 'сушить': 0.029411764705882353, 'рассказывать': 0.014705882352941176, 'современный': 0.014705882352941176}"
texts\science\Академик Черниговская сравнила интеллект человека и ИИ.txt,"{'человек': 0.06097560975609756, 'экоправда': 0.036585365853658534, 'семиотический': 0.024390243902439025, 'черниговский': 0.024390243902439025, 'ия': 0.024390243902439025, 'академик': 0.024390243902439025, 'ран': 0.024390243902439025, 'интеллект': 0.024390243902439025, 'ключевой': 0.012195121951219513, 'современный': 0.012195121951219513}"
texts\science\В горах Узбекистана найдены два средневековых города Шёлкового пути.txt,"{'окружать': 0.029411764705882353, 'узбекистан': 0.029411764705882353, 'газета': 0.029411764705882353, 'гора': 0.029411764705882353, 'российский': 0.029411764705882353, 'средневековый': 0.029411764705882353, 'друг': 0.029411764705882353, 'город': 0.029411764705882353, 'два': 0.029411764705882353, 'обнаруживать': 0.014705882352941176}"
texts\science\В Сибири первую фазу испытаний прошло единственное в России лекарство от рака.txt,"{'испытание': 0.06153846153846154, 'препарат': 0.06153846153846154, 'первый': 0.046153846153846156, 'фаза': 0.046153846153846156, 'единственный': 0.03076923076923077, 'проходить': 0.03076923076923077, 'сибирь': 0.03076923076923077, 'риа': 0.03076923076923077, 'новость': 0.03076923076923077, 'вводить': 0.03076923076923077}"
texts\science\Идет расследование новой тайны обнаружено «нечто» в телах перуанских мумий.txt,"{'обнаруживать': 0.034482758620689655, 'перо': 0.034482758620689655, 'мумия': 0.034482758620689655, 'подделка': 0.017241379310344827, 'современный': 0.017241379310344827, 'ученый': 0.017241379310344827, 'предполагать': 0.017241379310344827, 'новый': 0.017241379310344827, 'образец': 0.017241379310344827, 'осмий': 0.017241379310344827}"
texts\science\Исследование раскрывает новую роль воспалительного белка в жировой ткани.txt,"{'Android': 0.047619047619047616, 'com': 0.047619047619047616, 'исследование': 0.047619047619047616, 'robot': 0.047619047619047616, 'новый': 0.03571428571428571, 'жировой': 0.03571428571428571, 'энергия': 0.03571428571428571, 'воспалительный': 0.03571428571428571, 'IL': 0.03571428571428571, 'белок': 0.023809523809523808}"
texts\science\Российские нейросети помогут в мониторинге земель.txt,"{'объект': 0.039473684210526314, 'PointNext': 0.02631578947368421, 'данные': 0.02631578947368421, 'алгоритм': 0.02631578947368421, 'нейросеть': 0.02631578947368421, 'российский': 0.02631578947368421, 'постройка': 0.02631578947368421, 'земля': 0.02631578947368421, 'маркс': 0.02631578947368421, 'карл': 0.02631578947368421}"
texts\science\Учёные разработали микророботов для точной доставки лекарств.txt,"{'Ferra': 0.04285714285714286, 'микроробот': 0.04285714285714286, 'лекарство': 0.04285714285714286, 'ученый': 0.02857142857142857, 'разрабатывать': 0.02857142857142857, 'доставка': 0.02857142857142857, 'ход': 0.014285714285714285, 'новый': 0.014285714285714285, 'технологический': 0.014285714285714285, 'зерно': 0.014285714285714285}"
texts\science\Учёные рассказали о важности генеративного ИИ в образовании будущего.txt,"{'ия': 0.036585365853658534, 'РБК': 0.024390243902439025, 'Ferra': 0.024390243902439025, 'москва': 0.024390243902439025, 'оценка': 0.024390243902439025, 'важность': 0.024390243902439025, 'GenAI': 0.024390243902439025, 'работа': 0.024390243902439025, 'санкт-петербург': 0.024390243902439025, 'ключевой': 0.012195121951219513}"
"texts\science\Учёные рассказали, что красное мясо способствует развитию рака.txt","{'рак': 0.07407407407407407, 'ученый': 0.037037037037037035, 'теломераз': 0.037037037037037035, 'колоректальный': 0.037037037037037035, 'мясо': 0.037037037037037035, 'красный': 0.037037037037037035, 'фермент': 0.037037037037037035, 'медиапоток': 0.037037037037037035, 'способствовать': 0.037037037037037035, 'замедлять': 0.018518518518518517}"
"texts\science\Учёный объяснил, могут ли грибки привести к зомби-апокалипсису.txt","{'Today': 0.0410958904109589, 'Planet': 0.0410958904109589, 'ученый': 0.0273972602739726, 'насекомое': 0.0273972602739726, 'гигиена': 0.0273972602739726, 'грибок': 0.0273972602739726, 'обнаруживать': 0.0136986301369863, 'периодический': 0.0136986301369863, 'больший': 0.0136986301369863, 'cicadina': 0.0136986301369863}"
"texts\science\Учёными озвучены ТОП-6 ключевых эпигенетических признаков того, что идет рак.txt","{'ученый': 0.044444444444444446, 'эпигенетический': 0.044444444444444446, 'UfacityNews': 0.044444444444444446, 'ru': 0.044444444444444446, 'ген': 0.044444444444444446, 'ключевой': 0.022222222222222223, 'озвучивать': 0.022222222222222223, 'ядро': 0.022222222222222223, 'рассказывать': 0.022222222222222223, 'влиять': 0.022222222222222223}"
texts\science\Ученые выявили самый мощный вулканический выброс за последние 10 тыс. лет.txt,"{'вулкан': 0.047058823529411764, 'ученый': 0.03529411764705882, 'кикать': 0.03529411764705882, 'последний': 0.03529411764705882, 'год': 0.03529411764705882, 'извержение': 0.023529411764705882, 'объем': 0.023529411764705882, 'аномальный': 0.023529411764705882, 'километр': 0.023529411764705882, 'ru': 0.023529411764705882}"
texts\science\Ученые создали цифровые двойники пациентов для прогнозирования лечения рака.txt,"{'Ferra': 0.06153846153846154, 'ученый': 0.046153846153846156, 'пациент': 0.046153846153846156, 'лечение': 0.046153846153846156, 'метод': 0.03076923076923077, 'точный': 0.03076923076923077, 'испытание': 0.03076923076923077, 'использовать': 0.03076923076923077, 'двойник': 0.03076923076923077, 'технология': 0.03076923076923077}"
texts\sport\«Он — рок-звезда!» Реакция Америки на грандиозное достижение Бобровского в НХЛ.txt,"{'чемпионат': 0.0975609756097561, 'достижение': 0.04878048780487805, 'реакция': 0.04878048780487805, 'победа': 0.04878048780487805, 'америка': 0.04878048780487805, 'бобровский': 0.04878048780487805, 'матч': 0.04878048780487805, 'уникальный': 0.024390243902439025, 'й': 0.024390243902439025, 'вратарь': 0.024390243902439025}"
"texts\sport\«Тампа» дома проиграла «Миннесоте», Капризов и Кучеров забросили шайбы.txt","{'тампа': 0.05660377358490566, 'лайтнинг': 0.03773584905660377, 'риа': 0.03773584905660377, 'миннесота': 0.03773584905660377, 'новость': 0.03773584905660377, 'каприз': 0.03773584905660377, 'кучер': 0.03773584905660377, 'матч': 0.03773584905660377, 'национальный': 0.018867924528301886, 'хоккейный': 0.018867924528301886}"
texts\sport\Бобровского признали первой звездой дня в НХЛ после рекордной 400-й победы.txt,"{'матч': 0.057971014492753624, 'признавать': 0.043478260869565216, 'звезда': 0.043478260869565216, 'бобровский': 0.043478260869565216, 'флорида': 0.043478260869565216, 'первый': 0.028985507246376812, 'победа': 0.028985507246376812, 'день': 0.028985507246376812, 'национальный': 0.014492753623188406, 'гостевой': 0.014492753623188406}"
texts\sport\Болельщики «Спартака» скандировали «СКА - позор российского хоккея» на матче КХЛ.txt,"{'ска': 0.08, 'кхл': 0.04, 'спартак': 0.04, 'чемпионат': 0.04, 'хоккей': 0.04, 'скандировать': 0.04, 'российский': 0.04, 'болельщик': 0.04, 'позор': 0.04, 'матч': 0.04}"
texts\sport\Воспитанник «Краснодара» Дашин В США ни разу не столкнулся с дискриминацией.txt,"{'краснодар': 0.06666666666666667, 'сша': 0.05, 'воспитанник': 0.05, 'ru': 0.05, 'дашин': 0.03333333333333333, 'News': 0.03333333333333333, 'рассказывать': 0.016666666666666666, 'ratings': 0.016666666666666666, 'являться': 0.016666666666666666, 'очко': 0.016666666666666666}"
texts\sport\Гран При Мехико Элементы силовых установок.txt,"{'ru': 0.0547945205479452, 'элемент': 0.0410958904109589, 'мехико': 0.0410958904109589, 'установка': 0.0410958904109589, 'силовой': 0.0410958904109589, 'перед': 0.0273972602739726, 'гран': 0.0273972602739726, 'команда': 0.0273972602739726, 'гонщик': 0.0273972602739726, 'MGU': 0.0273972602739726}"
texts\sport\Евгений Кузнецов заработал три удаления за первые 10 минут матча со «Спартаком».txt,"{'кузнецов': 0.058823529411764705, 'спартак': 0.0392156862745098, 'первый': 0.0392156862745098, 'евгений': 0.0392156862745098, 'Smotrim': 0.0392156862745098, 'удаление': 0.0392156862745098, 'ru': 0.0392156862745098, 'зарабатывать': 0.0392156862745098, 'минута': 0.0392156862745098, 'три': 0.0392156862745098}"
texts\sport\Колапинто проигнорировал Брандла в Остине из-за слов о Пересе.txt,"{'колапинто': 0.07272727272727272, 'чемпионат': 0.05454545454545454, 'брандл': 0.05454545454545454, 'остин': 0.03636363636363636, 'франко': 0.03636363636363636, 'команда': 0.03636363636363636, 'слово': 0.03636363636363636, 'перес': 0.03636363636363636, 'Sports': 0.03636363636363636, 'проигнорировать': 0.03636363636363636}"
texts\sport\Мадридский «Реал» хочет вернуть ветерана в Ла Лигу из «Аль-Насра».txt,"{'реал': 0.0392156862745098, 'насра': 0.0392156862745098, 'клуб': 0.0392156862745098, 'саудовский': 0.0392156862745098, 'Legalbet': 0.0392156862745098, 'лапорт': 0.0392156862745098, 'мадридский': 0.0392156862745098, 'аль': 0.0392156862745098, 'состав': 0.0196078431372549, 'соглашение': 0.0196078431372549}"
texts\sport\Назван лучший игрок Ла Лиги в XXI веке.txt,"{'местись': 0.05660377358490566, 'чемпионат': 0.05660377358490566, 'барселона': 0.05660377358490566, 'хороший': 0.03773584905660377, 'ру': 0.03773584905660377, 'футбол': 0.03773584905660377, 'евро': 0.03773584905660377, 'XXI': 0.018867924528301886, 'выезд': 0.018867924528301886, 'реал': 0.018867924528301886}"
texts\sport\Получивший паспорт РФ защитник «Зенита» Сантос встанет на воинский учёт.txt,"{'сантос': 0.06153846153846154, 'защитник': 0.046153846153846156, 'зенит': 0.046153846153846156, 'учет': 0.03076923076923077, 'пятикратный': 0.03076923076923077, 'вставать': 0.03076923076923077, 'петербургский': 0.03076923076923077, 'российский': 0.03076923076923077, 'паспорт': 0.03076923076923077, 'воинский': 0.03076923076923077}"
"texts\sport\Хэмилтон обратил внимание, что Ферстаппен использует спорные маневры.txt","{'ru': 0.05405405405405406, 'ферстаппный': 0.05405405405405406, 'хэмилтон': 0.05405405405405406, 'ratings': 0.04054054054054054, 'Bookmaker': 0.04054054054054054, 'ландо': 0.04054054054054054, 'макс': 0.04054054054054054, 'трасса': 0.04054054054054054, 'штраф': 0.02702702702702703, 'предел': 0.02702702702702703}"
"texts\sport\Экс-тренер Федерера Любич Думаю, что сам Джокович не знает, что сейчас делать.txt","{'ru': 0.06896551724137931, 'GoTennis': 0.05172413793103448, 'джокович': 0.05172413793103448, 'федерер': 0.034482758620689655, 'экс': 0.034482758620689655, 'новак': 0.034482758620689655, 'тренер': 0.034482758620689655, 'теннисист': 0.034482758620689655, 'любичич': 0.017241379310344827, 'август': 0.017241379310344827}"
